<ImportExportXml xmlns:xsi="http://www.w3.org/2001/XMLSchema-instance">
  <Entities></Entities>
  <Roles>
    <Role id="{6013ef72-57d9-ed11-a7c7-000d3a111eaf}" name="RPA Reviewer" isinherited="1">
      <IsCustomizable>1</IsCustomizable>
      <RolePrivileges>
        <RolePrivilege name="prvCreateSharePointData" level="Global" />
        <RolePrivilege name="prvReadAttribute" level="Global" />
        <RolePrivilege name="prvReadBusinessUnit" level="Global" />
        <RolePrivilege name="prvReadEntity" level="Global" />
        <RolePrivilege name="prvReadEntityKey" level="Global" />
        <RolePrivilege name="prvReadEntityMap" level="Global" />
        <RolePrivilege name="prvReadflowmachine" level="Local" />
        <RolePrivilege name="prvReadflowmachinegroup" level="Local" />
        <RolePrivilege name="prvReadflowmachineimage" level="Local" />
        <RolePrivilege name="prvReadflowmachinenetwork" level="Local" />
        <RolePrivilege name="prvReadflowsession" level="Local" />
        <RolePrivilege name="prvReadOrganization" level="Global" />
        <RolePrivilege name="prvReadPluginAssembly" level="Global" />
        <RolePrivilege name="prvReadPluginType" level="Global" />
        <RolePrivilege name="prvReadRelationship" level="Global" />
        <RolePrivilege name="prvReadSdkMessage" level="Global" />
        <RolePrivilege name="prvReadSdkMessageProcessingStep" level="Global" />
        <RolePrivilege name="prvReadSdkMessageProcessingStepImage" level="Global" />
        <RolePrivilege name="prvReadSharePointData" level="Global" />
        <RolePrivilege name="prvReadSharePointDocument" level="Global" />
        <RolePrivilege name="prvReadSolution" level="Global" />
        <RolePrivilege name="prvReadTeam" level="Global" />
        <RolePrivilege name="prvReadUser" level="Global" />
        <RolePrivilege name="prvReadWorkflow" level="Basic" />
        <RolePrivilege name="prvReadworkflowbinary" level="Local" />
        <RolePrivilege name="prvWriteSharePointData" level="Global" />
        <RolePrivilege name="prvWriteWorkflow" level="Basic" />
      </RolePrivileges>
    </Role>
  </Roles>
  <Workflows></Workflows>
  <FieldSecurityProfiles></FieldSecurityProfiles>
  <Templates />
  <EntityMaps />
  <EntityRelationships />
  <OrganizationSettings />
  <optionsets />
  <CustomControls />
  <EntityDataProviders />
  <Languages>
    <Language>1033</Language>
  </Languages>
</ImportExportXml>