<ImportExportXml xmlns:xsi="http://www.w3.org/2001/XMLSchema-instance">
  <Entities></Entities>
  <Roles>
    <Role id="{d62d117c-59d9-ed11-a7c7-000d3a111eaf}" name="RPA Maker" isinherited="1">
      <IsCustomizable>1</IsCustomizable>
      <RolePrivileges>
        <RolePrivilege name="prvAppendAsyncOperation" level="Global" />
        <RolePrivilege name="prvAppendChannelPropertyGroup" level="Global" />
        <RolePrivilege name="prvAppendComment" level="Basic" />
        <RolePrivilege name="prvAppendconnectionreference" level="Global" />
        <RolePrivilege name="prvAppendconnector" level="Global" />
        <RolePrivilege name="prvAppendEnvironmentVariableDefinition" level="Global" />
        <RolePrivilege name="prvAppendEnvironmentVariableValue" level="Global" />
        <RolePrivilege name="prvAppendExportSolutionUpload" level="Global" />
        <RolePrivilege name="prvAppendflowmachine" level="Global" />
        <RolePrivilege name="prvAppendflowmachinegroup" level="Global" />
        <RolePrivilege name="prvAppendflowmachineimage" level="Global" />
        <RolePrivilege name="prvAppendflowsession" level="Basic" />
        <RolePrivilege name="prvAppendmsdyn_analysiscomponent" level="Global" />
        <RolePrivilege name="prvAppendmsdyn_analysisjob" level="Global" />
        <RolePrivilege name="prvAppendmsdyn_analysisresult" level="Global" />
        <RolePrivilege name="prvAppendmsdyn_analysisresultdetail" level="Global" />
        <RolePrivilege name="prvAppendmsdyn_pmrecording" level="Global" />
        <RolePrivilege name="prvAppendmsdyn_solutioncomponentcountdatasource" level="Global" />
        <RolePrivilege name="prvAppendmsdyn_solutioncomponentcountsummary" level="Global" />
        <RolePrivilege name="prvAppendmsdyn_solutioncomponentdatasource" level="Global" />
        <RolePrivilege name="prvAppendmsdyn_solutioncomponentsummary" level="Global" />
        <RolePrivilege name="prvAppendmsdyn_solutionhealthrule" level="Global" />
        <RolePrivilege name="prvAppendmsdyn_solutionhealthruleargument" level="Global" />
        <RolePrivilege name="prvAppendmsdyn_solutionhealthruleset" level="Global" />
        <RolePrivilege name="prvAppendmsdyn_solutionhistory" level="Global" />
        <RolePrivilege name="prvAppendmsdyn_solutionhistorydatasource" level="Global" />
        <RolePrivilege name="prvAppendprocessstageparameter" level="Global" />
        <RolePrivilege name="prvAppendPublisher" level="Global" />
        <RolePrivilege name="prvAppendSolution" level="Global" />
        <RolePrivilege name="prvAppendsolutioncomponentbatchconfiguration" level="Global" />
        <RolePrivilege name="prvAppendStageSolutionUpload" level="Global" />
        <RolePrivilege name="prvAppendTeam" level="Global" />
        <RolePrivilege name="prvAppendToAsyncOperation" level="Global" />
        <RolePrivilege name="prvAppendToComment" level="Basic" />
        <RolePrivilege name="prvAppendToconnectionreference" level="Global" />
        <RolePrivilege name="prvAppendToconnector" level="Global" />
        <RolePrivilege name="prvAppendToEnvironmentVariableDefinition" level="Global" />
        <RolePrivilege name="prvAppendToEnvironmentVariableValue" level="Global" />
        <RolePrivilege name="prvAppendToExportSolutionUpload" level="Global" />
        <RolePrivilege name="prvAppendToflowmachine" level="Global" />
        <RolePrivilege name="prvAppendToflowmachinegroup" level="Global" />
        <RolePrivilege name="prvAppendToflowmachineimage" level="Global" />
        <RolePrivilege name="prvAppendToflowsession" level="Basic" />
        <RolePrivilege name="prvAppendTomsdyn_analysiscomponent" level="Global" />
        <RolePrivilege name="prvAppendTomsdyn_analysisjob" level="Global" />
        <RolePrivilege name="prvAppendTomsdyn_analysisresult" level="Global" />
        <RolePrivilege name="prvAppendTomsdyn_analysisresultdetail" level="Global" />
        <RolePrivilege name="prvAppendTomsdyn_pmrecording" level="Global" />
        <RolePrivilege name="prvAppendTomsdyn_solutioncomponentcountdatasource" level="Global" />
        <RolePrivilege name="prvAppendTomsdyn_solutioncomponentcountsummary" level="Global" />
        <RolePrivilege name="prvAppendTomsdyn_solutioncomponentdatasource" level="Global" />
        <RolePrivilege name="prvAppendTomsdyn_solutioncomponentsummary" level="Global" />
        <RolePrivilege name="prvAppendTomsdyn_solutionhealthrule" level="Global" />
        <RolePrivilege name="prvAppendTomsdyn_solutionhealthruleargument" level="Global" />
        <RolePrivilege name="prvAppendTomsdyn_solutionhealthruleset" level="Global" />
        <RolePrivilege name="prvAppendTomsdyn_solutionhistory" level="Global" />
        <RolePrivilege name="prvAppendTomsdyn_solutionhistorydatasource" level="Global" />
        <RolePrivilege name="prvAppendToOrganization" level="Global" />
        <RolePrivilege name="prvAppendToprocessstageparameter" level="Global" />
        <RolePrivilege name="prvAppendToPublisher" level="Global" />
        <RolePrivilege name="prvAppendToSolution" level="Global" />
        <RolePrivilege name="prvAppendTosolutioncomponentbatchconfiguration" level="Global" />
        <RolePrivilege name="prvAppendToStageSolutionUpload" level="Global" />
        <RolePrivilege name="prvAppendToTeam" level="Global" />
        <RolePrivilege name="prvAppendToUserSettings" level="Global" />
        <RolePrivilege name="prvAppendToWorkflow" level="Basic" />
        <RolePrivilege name="prvAppendWorkflow" level="Basic" />
        <RolePrivilege name="prvAssignComment" level="Basic" />
        <RolePrivilege name="prvAssignEnvironmentVariableDefinition" level="Global" />
        <RolePrivilege name="prvAssignflowsession" level="Basic" />
        <RolePrivilege name="prvAssignmsdyn_analysiscomponent" level="Global" />
        <RolePrivilege name="prvAssignmsdyn_analysisjob" level="Global" />
        <RolePrivilege name="prvAssignmsdyn_analysisresult" level="Global" />
        <RolePrivilege name="prvAssignmsdyn_analysisresultdetail" level="Global" />
        <RolePrivilege name="prvAssignprocessstageparameter" level="Global" />
        <RolePrivilege name="prvAssignWorkflow" level="Basic" />
        <RolePrivilege name="prvCreateAsyncOperation" level="Global" />
        <RolePrivilege name="prvCreateComment" level="Basic" />
        <RolePrivilege name="prvCreateconnectionreference" level="Global" />
        <RolePrivilege name="prvCreateconnector" level="Global" />
        <RolePrivilege name="prvCreateEnvironmentVariableDefinition" level="Global" />
        <RolePrivilege name="prvCreateEnvironmentVariableValue" level="Global" />
        <RolePrivilege name="prvCreateExportSolutionUpload" level="Global" />
        <RolePrivilege name="prvCreateflowmachine" level="Global" />
        <RolePrivilege name="prvCreateflowmachinegroup" level="Global" />
        <RolePrivilege name="prvCreateflowmachineimage" level="Global" />
        <RolePrivilege name="prvCreateflowsession" level="Basic" />
        <RolePrivilege name="prvCreatemsdyn_analysiscomponent" level="Global" />
        <RolePrivilege name="prvCreatemsdyn_analysisjob" level="Global" />
        <RolePrivilege name="prvCreatemsdyn_analysisresult" level="Global" />
        <RolePrivilege name="prvCreatemsdyn_analysisresultdetail" level="Global" />
        <RolePrivilege name="prvCreatemsdyn_pmrecording" level="Global" />
        <RolePrivilege name="prvCreatemsdyn_solutioncomponentcountdatasource" level="Global" />
        <RolePrivilege name="prvCreatemsdyn_solutioncomponentdatasource" level="Global" />
        <RolePrivilege name="prvCreatemsdyn_solutionhealthrule" level="Global" />
        <RolePrivilege name="prvCreatemsdyn_solutionhealthruleargument" level="Global" />
        <RolePrivilege name="prvCreatemsdyn_solutionhealthruleset" level="Global" />
        <RolePrivilege name="prvCreatemsdyn_solutionhistorydatasource" level="Global" />
        <RolePrivilege name="prvCreateprocessstageparameter" level="Global" />
        <RolePrivilege name="prvCreatePublisher" level="Global" />
        <RolePrivilege name="prvCreateSharePointData" level="Global" />
        <RolePrivilege name="prvCreateSolution" level="Global" />
        <RolePrivilege name="prvCreatesolutioncomponentbatchconfiguration" level="Global" />
        <RolePrivilege name="prvCreateStageSolutionUpload" level="Global" />
        <RolePrivilege name="prvCreateSystemApplicationMetadata" level="Global" />
        <RolePrivilege name="prvCreateTeam" level="Global" />
        <RolePrivilege name="prvCreateUserApplicationMetadata" level="Basic" />
        <RolePrivilege name="prvCreateUserSettings" level="Global" />
        <RolePrivilege name="prvCreateWorkflow" level="Basic" />
        <RolePrivilege name="prvDeleteAsyncOperation" level="Global" />
        <RolePrivilege name="prvDeleteComment" level="Basic" />
        <RolePrivilege name="prvDeleteEnvironmentVariableDefinition" level="Global" />
        <RolePrivilege name="prvDeleteflowmachine" level="Global" />
        <RolePrivilege name="prvDeleteflowmachinegroup" level="Global" />
        <RolePrivilege name="prvDeleteflowmachineimage" level="Global" />
        <RolePrivilege name="prvDeleteflowsession" level="Basic" />
        <RolePrivilege name="prvDeletemsdyn_analysiscomponent" level="Global" />
        <RolePrivilege name="prvDeletemsdyn_analysisjob" level="Global" />
        <RolePrivilege name="prvDeletemsdyn_analysisresult" level="Global" />
        <RolePrivilege name="prvDeletemsdyn_analysisresultdetail" level="Global" />
        <RolePrivilege name="prvDeletemsdyn_pmrecording" level="Global" />
        <RolePrivilege name="prvDeletemsdyn_solutioncomponentcountdatasource" level="Global" />
        <RolePrivilege name="prvDeletemsdyn_solutioncomponentdatasource" level="Global" />
        <RolePrivilege name="prvDeletemsdyn_solutionhealthrule" level="Global" />
        <RolePrivilege name="prvDeletemsdyn_solutionhealthruleargument" level="Global" />
        <RolePrivilege name="prvDeletemsdyn_solutionhealthruleset" level="Global" />
        <RolePrivilege name="prvDeletemsdyn_solutionhistorydatasource" level="Global" />
        <RolePrivilege name="prvDeleteprocessstageparameter" level="Global" />
        <RolePrivilege name="prvDeletePublisher" level="Global" />
        <RolePrivilege name="prvDeleteSolution" level="Global" />
        <RolePrivilege name="prvDeletesolutioncomponentbatchconfiguration" level="Global" />
        <RolePrivilege name="prvDeleteStageSolutionUpload" level="Global" />
        <RolePrivilege name="prvDeleteSystemApplicationMetadata" level="Global" />
        <RolePrivilege name="prvDeleteTeam" level="Global" />
        <RolePrivilege name="prvDeleteUserApplicationMetadata" level="Basic" />
        <RolePrivilege name="prvDeleteWorkflow" level="Basic" />
        <RolePrivilege name="prvExportCustomization" level="Global" />
        <RolePrivilege name="prvImportCustomization" level="Global" />
        <RolePrivilege name="prvReadaaduser" level="Global" />
        <RolePrivilege name="prvReadArticleTemplate" level="Global" />
        <RolePrivilege name="prvReadAsyncOperation" level="Global" />
        <RolePrivilege name="prvReadAttribute" level="Global" />
        <RolePrivilege name="prvReadBusinessUnit" level="Global" />
        <RolePrivilege name="prvReadChannelPropertyGroup" level="Global" />
        <RolePrivilege name="prvReadComment" level="Basic" />
        <RolePrivilege name="prvReadconnectionreference" level="Global" />
        <RolePrivilege name="prvReadConnectionRole" level="Global" />
        <RolePrivilege name="prvReadconnector" level="Global" />
        <RolePrivilege name="prvReadCustomization" level="Global" />
        <RolePrivilege name="prvReadEmailTemplate" level="Global" />
        <RolePrivilege name="prvReadEntity" level="Global" />
        <RolePrivilege name="prvReadEntityDataProvider" level="Global" />
        <RolePrivilege name="prvReadEntityKey" level="Global" />
        <RolePrivilege name="prvReadEntityMap" level="Global" />
        <RolePrivilege name="prvReadEnvironmentVariableDefinition" level="Global" />
        <RolePrivilege name="prvReadEnvironmentVariableValue" level="Global" />
        <RolePrivilege name="prvReadExportSolutionUpload" level="Global" />
        <RolePrivilege name="prvReadflowmachine" level="Global" />
        <RolePrivilege name="prvReadflowmachinegroup" level="Global" />
        <RolePrivilege name="prvReadflowmachineimage" level="Global" />
        <RolePrivilege name="prvReadflowsession" level="Basic" />
        <RolePrivilege name="prvReadLicense" level="Global" />
        <RolePrivilege name="prvReadmsdyn_analysiscomponent" level="Global" />
        <RolePrivilege name="prvReadmsdyn_analysisjob" level="Global" />
        <RolePrivilege name="prvReadmsdyn_analysisresult" level="Global" />
        <RolePrivilege name="prvReadmsdyn_analysisresultdetail" level="Global" />
        <RolePrivilege name="prvReadmsdyn_pmrecording" level="Global" />
        <RolePrivilege name="prvReadmsdyn_solutioncomponentcountdatasource" level="Global" />
        <RolePrivilege name="prvReadmsdyn_solutioncomponentcountsummary" level="Global" />
        <RolePrivilege name="prvReadmsdyn_solutioncomponentdatasource" level="Global" />
        <RolePrivilege name="prvReadmsdyn_solutioncomponentsummary" level="Global" />
        <RolePrivilege name="prvReadmsdyn_solutionhealthrule" level="Global" />
        <RolePrivilege name="prvReadmsdyn_solutionhealthruleargument" level="Global" />
        <RolePrivilege name="prvReadmsdyn_solutionhealthruleset" level="Global" />
        <RolePrivilege name="prvReadmsdyn_solutionhistory" level="Global" />
        <RolePrivilege name="prvReadmsdyn_solutionhistorydatasource" level="Global" />
        <RolePrivilege name="prvReadOrganization" level="Global" />
        <RolePrivilege name="prvReadPluginAssembly" level="Global" />
        <RolePrivilege name="prvReadPluginType" level="Global" />
        <RolePrivilege name="prvReadprocessstageparameter" level="Global" />
        <RolePrivilege name="prvReadPublisher" level="Global" />
        <RolePrivilege name="prvReadQuery" level="Global" />
        <RolePrivilege name="prvReadRelationship" level="Global" />
        <RolePrivilege name="prvReadRole" level="Global" />
        <RolePrivilege name="prvReadSdkMessage" level="Global" />
        <RolePrivilege name="prvReadSdkMessageProcessingStep" level="Global" />
        <RolePrivilege name="prvReadSdkMessageProcessingStepImage" level="Global" />
        <RolePrivilege name="prvReadSharePointData" level="Global" />
        <RolePrivilege name="prvReadSharePointDocument" level="Global" />
        <RolePrivilege name="prvReadSolution" level="Global" />
        <RolePrivilege name="prvReadsolutioncomponentbatchconfiguration" level="Global" />
        <RolePrivilege name="prvReadStageSolutionUpload" level="Global" />
        <RolePrivilege name="prvReadSystemApplicationMetadata" level="Global" />
        <RolePrivilege name="prvReadSystemForm" level="Global" />
        <RolePrivilege name="prvReadTeam" level="Global" />
        <RolePrivilege name="prvReadUser" level="Global" />
        <RolePrivilege name="prvReadUserApplicationMetadata" level="Basic" />
        <RolePrivilege name="prvReadUserSettings" level="Global" />
        <RolePrivilege name="prvReadWorkflow" level="Basic" />
        <RolePrivilege name="prvShareComment" level="Basic" />
        <RolePrivilege name="prvShareEnvironmentVariableDefinition" level="Global" />
        <RolePrivilege name="prvShareflowsession" level="Basic" />
        <RolePrivilege name="prvSharemsdyn_analysiscomponent" level="Global" />
        <RolePrivilege name="prvSharemsdyn_analysisjob" level="Global" />
        <RolePrivilege name="prvSharemsdyn_analysisresult" level="Global" />
        <RolePrivilege name="prvSharemsdyn_analysisresultdetail" level="Global" />
        <RolePrivilege name="prvShareprocessstageparameter" level="Global" />
        <RolePrivilege name="prvSharesolutioncomponentbatchconfiguration" level="Global" />
        <RolePrivilege name="prvShareWorkflow" level="Basic" />
        <RolePrivilege name="prvWriteAsyncOperation" level="Global" />
        <RolePrivilege name="prvWriteChannelPropertyGroup" level="Global" />
        <RolePrivilege name="prvWriteComment" level="Basic" />
        <RolePrivilege name="prvWriteconnectionreference" level="Global" />
        <RolePrivilege name="prvWriteconnector" level="Global" />
        <RolePrivilege name="prvWriteEntityMap" level="Global" />
        <RolePrivilege name="prvWriteEnvironmentVariableDefinition" level="Global" />
        <RolePrivilege name="prvWriteEnvironmentVariableValue" level="Global" />
        <RolePrivilege name="prvWriteExportSolutionUpload" level="Global" />
        <RolePrivilege name="prvWriteflowmachine" level="Global" />
        <RolePrivilege name="prvWriteflowmachinegroup" level="Global" />
        <RolePrivilege name="prvWriteflowmachineimage" level="Global" />
        <RolePrivilege name="prvWriteflowsession" level="Basic" />
        <RolePrivilege name="prvWritemsdyn_analysiscomponent" level="Global" />
        <RolePrivilege name="prvWritemsdyn_analysisjob" level="Global" />
        <RolePrivilege name="prvWritemsdyn_analysisresult" level="Global" />
        <RolePrivilege name="prvWritemsdyn_analysisresultdetail" level="Global" />
        <RolePrivilege name="prvWritemsdyn_pmrecording" level="Global" />
        <RolePrivilege name="prvWritemsdyn_solutioncomponentcountdatasource" level="Global" />
        <RolePrivilege name="prvWritemsdyn_solutioncomponentdatasource" level="Global" />
        <RolePrivilege name="prvWritemsdyn_solutionhealthrule" level="Global" />
        <RolePrivilege name="prvWritemsdyn_solutionhealthruleargument" level="Global" />
        <RolePrivilege name="prvWritemsdyn_solutionhealthruleset" level="Global" />
        <RolePrivilege name="prvWritemsdyn_solutionhistorydatasource" level="Global" />
        <RolePrivilege name="prvWriteOrganization" level="Global" />
        <RolePrivilege name="prvWriteprocessstageparameter" level="Global" />
        <RolePrivilege name="prvWritePublisher" level="Global" />
        <RolePrivilege name="prvWriteSharePointData" level="Global" />
        <RolePrivilege name="prvWriteSolution" level="Global" />
        <RolePrivilege name="prvWritesolutioncomponentbatchconfiguration" level="Global" />
        <RolePrivilege name="prvWriteStageSolutionUpload" level="Global" />
        <RolePrivilege name="prvWriteSystemApplicationMetadata" level="Global" />
        <RolePrivilege name="prvWriteTeam" level="Global" />
        <RolePrivilege name="prvWriteUserApplicationMetadata" level="Basic" />
        <RolePrivilege name="prvWriteUserSettings" level="Global" />
        <RolePrivilege name="prvWriteWorkflow" level="Basic" />
      </RolePrivileges>
    </Role>
  </Roles>
  <Workflows></Workflows>
  <FieldSecurityProfiles></FieldSecurityProfiles>
  <Templates />
  <EntityMaps />
  <EntityRelationships />
  <OrganizationSettings />
  <optionsets />
  <CustomControls />
  <EntityDataProviders />
  <Languages>
    <Language>1033</Language>
  </Languages>
</ImportExportXml>